ID Usuario,Nombre,ID Tarea,TÃ­tulo
1,Leanne Graham,4,et porro tempora
1,Leanne Graham,8,quo adipisci enim quam ut ab
1,Leanne Graham,10,illo est ratione doloremque quia maiores aut
1,Leanne Graham,11,vero rerum temporibus dolor
1,Leanne Graham,12,ipsa repellendus fugit nisi
1,Leanne Graham,14,repellendus sunt dolores architecto voluptatum
1,Leanne Graham,15,ab voluptatum amet voluptas
1,Leanne Graham,16,accusamus eos facilis sint et aut voluptatem
1,Leanne Graham,17,quo laboriosam deleniti aut qui
1,Leanne Graham,19,molestiae ipsa aut voluptatibus pariatur dolor nihil
1,Leanne Graham,20,ullam nobis libero sapiente ad optio sint
2,Ervin Howell,22,distinctio vitae autem nihil ut molestias quo
2,Ervin Howell,25,voluptas quo tenetur perspiciatis explicabo natus
2,Ervin Howell,26,aliquam aut quasi
2,Ervin Howell,27,veritatis pariatur delectus
2,Ervin Howell,30,nemo perspiciatis repellat ut dolor libero commodi blanditiis omnis
2,Ervin Howell,35,repellendus veritatis molestias dicta incidunt
2,Ervin Howell,36,excepturi deleniti adipisci voluptatem et neque optio illum ad
2,Ervin Howell,40,totam atque quo nesciunt
3,Clementine Bauch,43,tempore ut sint quis recusandae
3,Clementine Bauch,44,cum debitis quis accusamus doloremque ipsa natus sapiente omnis
3,Clementine Bauch,50,cupiditate necessitatibus ullam aut quis dolor voluptate
3,Clementine Bauch,54,quis et est ut voluptate quam dolor
3,Clementine Bauch,55,voluptatum omnis minima qui occaecati provident nulla voluptatem ratione
3,Clementine Bauch,56,deleniti ea temporibus enim
3,Clementine Bauch,60,et sequi qui architecto ut adipisci
4,Patricia Lebsack,61,odit optio omnis qui sunt
4,Patricia Lebsack,63,doloremque aut dolores quidem fuga qui nulla
4,Patricia Lebsack,73,sint amet quia totam corporis qui exercitationem commodi
4,Patricia Lebsack,76,sequi dolorem sed
4,Patricia Lebsack,79,eum ipsa maxime ut
4,Patricia Lebsack,80,tempore molestias dolores rerum sequi voluptates ipsum consequatur
5,Chelsey Dietrich,81,suscipit qui totam
5,Chelsey Dietrich,83,quidem at rerum quis ex aut sit quam
5,Chelsey Dietrich,85,et quia ad iste a
5,Chelsey Dietrich,86,incidunt ut saepe autem
5,Chelsey Dietrich,87,laudantium quae eligendi consequatur quia et vero autem
5,Chelsey Dietrich,89,sequi ut omnis et
5,Chelsey Dietrich,90,molestiae nisi accusantium tenetur dolorem et
5,Chelsey Dietrich,91,nulla quis consequatur saepe qui id expedita
5,Chelsey Dietrich,92,in omnis laboriosam
5,Chelsey Dietrich,93,odio iure consequatur molestiae quibusdam necessitatibus quia sint
5,Chelsey Dietrich,95,vel nihil et molestiae iusto assumenda nemo quo ut
5,Chelsey Dietrich,98,debitis accusantium ut quo facilis nihil quis sapiente necessitatibus
6,Mrs. Dennis Schulist,105,totam quia dolorem et illum repellat voluptas optio
6,Mrs. Dennis Schulist,106,ad illo quis voluptatem temporibus
6,Mrs. Dennis Schulist,108,a eos eaque nihil et exercitationem incidunt delectus
6,Mrs. Dennis Schulist,109,autem temporibus harum quisquam in culpa
6,Mrs. Dennis Schulist,110,aut aut ea corporis
6,Mrs. Dennis Schulist,116,ipsa dolores vel facilis ut
7,Kurtis Weissnat,121,inventore aut nihil minima laudantium hic qui omnis
7,Kurtis Weissnat,122,provident aut nobis culpa
7,Kurtis Weissnat,126,ut asperiores perspiciatis veniam ipsum rerum saepe
7,Kurtis Weissnat,127,voluptatem libero consectetur rerum ut
7,Kurtis Weissnat,130,nulla aliquid eveniet harum laborum libero alias ut unde
7,Kurtis Weissnat,132,qui molestiae voluptatibus velit iure harum quisquam
7,Kurtis Weissnat,133,et labore eos enim rerum consequatur sunt
7,Kurtis Weissnat,138,placeat minima consequatur rem qui ut
7,Kurtis Weissnat,140,aut consectetur in blanditiis deserunt quia sed laboriosam
8,Nicholas Runolfsdottir V,141,explicabo consectetur debitis voluptates quas quae culpa rerum non
8,Nicholas Runolfsdottir V,142,maiores accusantium architecto necessitatibus reiciendis ea aut
8,Nicholas Runolfsdottir V,146,molestiae suscipit ratione nihil odio libero impedit vero totam
8,Nicholas Runolfsdottir V,147,eum itaque quod reprehenderit et facilis dolor autem ut
8,Nicholas Runolfsdottir V,151,accusamus adipisci dicta qui quo ea explicabo sed vero
8,Nicholas Runolfsdottir V,154,rerum non ex sapiente
8,Nicholas Runolfsdottir V,155,voluptatem nobis consequatur et assumenda magnam
8,Nicholas Runolfsdottir V,156,nam quia quia nulla repellat assumenda quibusdam sit nobis
8,Nicholas Runolfsdottir V,157,dolorem veniam quisquam deserunt repellendus
8,Nicholas Runolfsdottir V,158,debitis vitae delectus et harum accusamus aut deleniti a
8,Nicholas Runolfsdottir V,159,debitis adipisci quibusdam aliquam sed dolore ea praesentium nobis
9,Glenna Reichert,161,ex hic consequuntur earum omnis alias ut occaecati culpa
9,Glenna Reichert,162,omnis laboriosam molestias animi sunt dolore
9,Glenna Reichert,169,ea odio perferendis officiis
9,Glenna Reichert,171,fugiat aut voluptatibus corrupti deleniti velit iste odio
9,Glenna Reichert,175,laudantium eius officia perferendis provident perspiciatis asperiores
9,Glenna Reichert,178,nesciunt itaque commodi tempore
9,Glenna Reichert,179,omnis consequuntur cupiditate impedit itaque ipsam quo
9,Glenna Reichert,180,debitis nisi et dolorem repellat et
10,Clementina DuBuque,182,inventore saepe cumque et aut illum enim
10,Clementina DuBuque,183,omnis nulla eum aliquam distinctio
10,Clementina DuBuque,188,vel non beatae est
10,Clementina DuBuque,189,culpa eius et voluptatem et
10,Clementina DuBuque,190,accusamus sint iusto et voluptatem exercitationem
10,Clementina DuBuque,191,temporibus atque distinctio omnis eius impedit tempore molestias pariatur
10,Clementina DuBuque,193,rerum debitis voluptatem qui eveniet tempora distinctio a
10,Clementina DuBuque,195,rerum ex veniam mollitia voluptatibus pariatur
10,Clementina DuBuque,196,consequuntur aut ut fugit similique
10,Clementina DuBuque,197,dignissimos quo nobis earum saepe
10,Clementina DuBuque,198,quis eius est sint explicabo
10,Clementina DuBuque,199,numquam repellendus a magnam
